{
  "d_loss": [
    1.219534874, 1.2213429213, 1.2351859808, 1.2427862883, 1.250202179,
    1.2378302813, 1.2210246325, 1.2194406986, 1.2485779524, 1.2095811367,
    1.2012662888, 1.1971876621, 1.1919007301, 1.2004522085, 1.2031745911,
    1.1878494024, 1.2123806477, 1.1721886396, 1.1974084377, 1.1809651852,
    1.1710227728, 1.1592788696, 1.1741018295, 1.1456968784, 1.1675071716,
    1.1492319107, 1.1443299055, 1.1748359203, 1.1795403957, 1.1363713741,
    1.1255671978, 1.132412672, 1.1290305853, 1.122320652, 1.1170969009,
    1.1311141253, 1.1482657194, 1.0955871344, 1.1094774008, 1.0869511366,
    1.1006771326, 1.0784657001, 1.1008121967, 1.0798137188, 1.0738524199,
    1.0860476494, 1.0741961002, 1.0522544384, 1.0621943474, 1.0396797657
  ],
  "g_loss": [
    0.8476214409, 0.8587039113, 0.8532630205, 0.8445233703, 0.8363500237,
    0.8331008554, 0.8332059383, 0.8339812756, 0.8333556652, 0.8328226805,
    0.8346920609, 0.8372770548, 0.8398655653, 0.8415651917, 0.8434100747,
    0.8448601961, 0.8461716175, 0.8475907445, 0.8490158319, 0.850694418,
    0.8527314067, 0.8551417589, 0.857642591, 0.8597955704, 0.8617208004,
    0.863919735, 0.8663498163, 0.8679783344, 0.8698573709, 0.8717519641,
    0.8741095066, 0.8764995933, 0.8787435293, 0.8811177611, 0.8835383654,
    0.885669291, 0.8875514865, 0.8899652958, 0.8925200105, 0.8951598406,
    0.8980529308, 0.9005737901, 0.9030882716, 0.9057143331, 0.9084922671,
    0.9113810658, 0.9143141508, 0.9169512391, 0.9197684526, 0.9227663875
  ]
}
