{
  "d_loss": {
    "0": 1.219534874,
    "1": 1.2213429213,
    "2": 1.2351859808,
    "3": 1.2427862883,
    "4": 1.250202179,
    "5": 1.2378302813,
    "6": 1.2210246325,
    "7": 1.2194406986,
    "8": 1.2485779524,
    "9": 1.2095811367,
    "10": 1.2012662888,
    "11": 1.1971876621,
    "12": 1.1919007301,
    "13": 1.2004522085,
    "14": 1.2031745911,
    "15": 1.1878494024,
    "16": 1.2123806477,
    "17": 1.1721886396,
    "18": 1.1974084377,
    "19": 1.1809651852,
    "20": 1.1710227728,
    "21": 1.1592788696,
    "22": 1.1741018295,
    "23": 1.1456968784,
    "24": 1.1675071716,
    "25": 1.1492319107,
    "26": 1.1443299055,
    "27": 1.1748359203,
    "28": 1.1795403957,
    "29": 1.1363713741,
    "30": 1.1255671978,
    "31": 1.132412672,
    "32": 1.1290305853,
    "33": 1.122320652,
    "34": 1.1170969009,
    "35": 1.1311141253,
    "36": 1.1482657194,
    "37": 1.0955871344,
    "38": 1.1094774008,
    "39": 1.0869511366,
    "40": 1.1006771326,
    "41": 1.0784657001,
    "42": 1.1008121967,
    "43": 1.0798137188,
    "44": 1.0738524199,
    "45": 1.0860476494,
    "46": 1.0741961002,
    "47": 1.0522544384,
    "48": 1.0621943474,
    "49": 1.0396797657
  },
  "g_loss": {
    "0": 0.8476214409,
    "1": 0.8587039113,
    "2": 0.8532630205,
    "3": 0.8445233703,
    "4": 0.8363500237,
    "5": 0.8331008554,
    "6": 0.8332059383,
    "7": 0.8339812756,
    "8": 0.8333556652,
    "9": 0.8328226805,
    "10": 0.8346920609,
    "11": 0.8372770548,
    "12": 0.8398655653,
    "13": 0.8415651917,
    "14": 0.8434100747,
    "15": 0.8448601961,
    "16": 0.8461716175,
    "17": 0.8475907445,
    "18": 0.8490158319,
    "19": 0.850694418,
    "20": 0.8527314067,
    "21": 0.8551417589,
    "22": 0.857642591,
    "23": 0.8597955704,
    "24": 0.8617208004,
    "25": 0.863919735,
    "26": 0.8663498163,
    "27": 0.8679783344,
    "28": 0.8698573709,
    "29": 0.8717519641,
    "30": 0.8741095066,
    "31": 0.8764995933,
    "32": 0.8787435293,
    "33": 0.8811177611,
    "34": 0.8835383654,
    "35": 0.885669291,
    "36": 0.8875514865,
    "37": 0.8899652958,
    "38": 0.8925200105,
    "39": 0.8951598406,
    "40": 0.8980529308,
    "41": 0.9005737901,
    "42": 0.9030882716,
    "43": 0.9057143331,
    "44": 0.9084922671,
    "45": 0.9113810658,
    "46": 0.9143141508,
    "47": 0.9169512391,
    "48": 0.9197684526,
    "49": 0.9227663875
  }
}
